{
  "version": "20260211_232116",
  "timestamp": "2026-02-11T23:21:27.864475",
  "models": {
    "engagement_model": {
      "mse": 0.0007220430298359747,
      "rmse": 0.026870858375496208,
      "r2": 0.9446298633817627,
      "mae": 0.020551631600587962,
      "epochs_trained": 70,
      "architecture": "Input(24)\u2192Dense(64)\u2192BN\u2192Drop(0.25)\u2192Dense(32)\u2192BN\u2192Drop(0.25)\u2192Dense(16)\u2192BN\u2192Drop(0.25)\u2192Dense(1,sigmoid)",
      "training_samples": 400,
      "validation_samples": 100
    },
    "difficulty_model": {
      "mse": 0.002150326009884416,
      "rmse": 0.04637160779921714,
      "r2": 0.9986194596227702,
      "mae": 0.025064728550284632,
      "model_type": "ridge",
      "cv_r2_mean": 0.9981113760482476,
      "cv_r2_std": 0.0011221980359367321,
      "gbr_cv_r2": 0.9540895006230287,
      "ridge_cv_r2": 0.9981113760482476,
      "training_samples": 400,
      "validation_samples": 100
    },
    "content_classifier": {
      "accuracy": 0.5,
      "precision": 0.7280188591601635,
      "recall": 0.5,
      "f1": 0.5366337209302325,
      "cv_accuracy_mean": 0.5475,
      "cv_accuracy_std": 0.06393355926272208,
      "n_classes": 5,
      "class_names": [
        "visual",
        "interactive",
        "text",
        "audio",
        "mixed"
      ],
      "feature_importances": [
        0.0656876015935749,
        0.03884658716695544,
        0.002841154247093806,
        0.012236432596263055,
        0.0,
        0.0471398988304832,
        0.1323690397444543,
        0.03244666061031959,
        0.12113123102078109,
        0.06575164676189527,
        0.08548768335024229,
        0.03440222204817495,
        0.03810722742549671,
        0.028710516174209492,
        0.014284681962827927,
        0.03738509368564185,
        0.028880450078468293,
        0.04615124588975874,
        0.03974931366511181,
        0.05283159092757962,
        0.036454852572947304,
        0.0168025588130431,
        0.0026812481361952584,
        0.019621062698482114
      ],
      "training_samples": 400,
      "validation_samples": 100
    }
  }
}