{
  "version": "20260211_231317",
  "timestamp": "2026-02-11T23:13:28.384290",
  "models": {
    "engagement_model": {
      "mse": 0.009867343816554148,
      "r2": 0.2972438040164518,
      "mae": 0.068251395102984,
      "epochs_trained": 71
    },
    "difficulty_model": {
      "mse": 1.144685734396409,
      "r2": -0.4131922646869246,
      "rmse": 1.0698998712012302
    },
    "content_classifier": {
      "accuracy": 0.8,
      "precision": 0.8,
      "recall": 0.8,
      "f1": 0.8,
      "feature_importances": [
        0.00886880020278313,
        0.014566241011742736,
        0.007136281384147846,
        0.00726235065187271,
        0.006585827727954843,
        0.02751204698996845,
        0.11177189928136232,
        0.08924090199300962,
        0.0996316696542526,
        0.09802910003353352,
        0.05189437908342494,
        0.0724345321838861,
        0.0801553728614953,
        0.25960207278422687,
        0.06530852415633903
      ]
    }
  }
}