{
  "version": "20260211_232009",
  "timestamp": "2026-02-11T23:20:21.849581",
  "models": {
    "engagement_model": {
      "mse": 0.00045295207840420247,
      "rmse": 0.02128267084752763,
      "r2": 0.9545502634895653,
      "mae": 0.015130888516732539,
      "epochs_trained": 78,
      "architecture": "Input(24)\u2192Dense(64)\u2192BN\u2192Drop(0.25)\u2192Dense(32)\u2192BN\u2192Drop(0.25)\u2192Dense(16)\u2192BN\u2192Drop(0.25)\u2192Dense(1,sigmoid)",
      "training_samples": 400,
      "validation_samples": 100
    },
    "difficulty_model": {
      "mse": 0.002165039931994033,
      "rmse": 0.04652998959804346,
      "r2": 0.9982688333370322,
      "mae": 0.027518408079038076,
      "model_type": "ridge",
      "cv_r2_mean": 0.9976402092033381,
      "cv_r2_std": 0.0006371198688747016,
      "gbr_cv_r2": 0.9523729700445898,
      "ridge_cv_r2": 0.9976402092033381,
      "training_samples": 400,
      "validation_samples": 100
    },
    "content_classifier": {
      "accuracy": 0.33,
      "precision": 0.3115858585858586,
      "recall": 0.33,
      "f1": 0.26825783972125433,
      "cv_accuracy_mean": 0.2725,
      "cv_accuracy_std": 0.03482097069296029,
      "n_classes": 5,
      "class_names": [
        "visual",
        "interactive",
        "text",
        "audio",
        "mixed"
      ],
      "feature_importances": [
        0.0729876183326424,
        0.06757623266357311,
        0.06564118003205067,
        0.005341844825777393,
        0.017991305171070678,
        0.006310540172318192,
        0.008569763965790539,
        0.0013538295281791503,
        0.04561465098862873,
        0.10003747665113409,
        0.14553229660810832,
        0.06801647023534944,
        0.037982382763308085,
        0.03787404649995805,
        0.021517851677453067,
        0.030477235436556508,
        0.01974067551588955,
        0.04982373117465695,
        0.06339139284475616,
        0.039383014367817236,
        0.027694140011076188,
        0.015157146992302781,
        0.018334526464902984,
        0.03365064707669981
      ],
      "training_samples": 400,
      "validation_samples": 100
    }
  }
}